TotRmsAbvGrd,OverallQual,OverallCond,KitchenAbvGr,GarageCars,BedroomAbvGr,MoSold,HalfBath,Fireplaces,LotArea,EnclosedPorch,PoolArea,SalePrice
8,7,5,1,2,3,2,1,0,8450,0,0,208500
6,6,8,1,2,3,5,0,1,9600,0,0,181500
6,7,5,1,2,3,9,1,1,11250,0,0,223500
7,7,5,1,3,3,2,0,1,9550,272,0,140000
9,8,5,1,3,4,12,1,1,14260,0,0,250000
5,5,5,1,2,1,10,1,0,14115,0,0,143000
7,8,5,1,2,3,8,0,1,10084,0,0,307000
7,7,6,1,2,3,11,1,2,10382,228,0,200000
8,7,5,2,2,2,4,0,2,6120,205,0,129900
5,5,6,2,1,2,1,0,2,7420,0,0,118000
5,5,5,1,1,3,2,0,0,11200,0,0,129500
11,9,5,1,3,4,7,0,2,11924,0,0,345000
4,5,6,1,1,2,9,0,0,12968,0,0,144000
7,7,5,1,3,3,8,0,1,10652,0,0,279500
5,6,5,1,1,2,5,1,1,10920,176,0,157000
5,7,8,1,2,2,7,0,0,6120,0,0,132000
5,6,7,1,2,2,3,0,1,11241,0,0,149000
6,4,5,2,2,2,10,0,0,10791,0,0,90000
6,5,5,1,2,3,6,1,0,13695,0,0,159000
6,5,6,1,1,3,5,0,0,7560,0,0,139000
9,8,5,1,3,4,11,1,1,14215,0,0,325300
6,7,7,1,1,3,6,0,1,7449,205,0,139400
7,8,5,1,2,3,9,0,1,9742,0,0,230000
6,5,7,1,2,3,6,0,1,4224,0,0,129900
6,5,8,1,1,3,5,0,1,8246,0,0,154000
7,8,5,1,3,3,7,0,1,14230,0,0,256300
5,5,7,1,2,3,5,0,0,7200,0,0,134800
7,8,5,1,3,3,5,0,1,11478,0,0,306000
6,5,6,1,1,2,12,0,2,16321,0,0,207500
4,4,6,1,1,1,5,0,0,6324,87,0,68500
6,4,4,1,1,3,7,0,0,8500,172,0,40000
6,5,6,1,1,3,6,1,0,8544,0,0,149350
7,8,5,1,2,3,1,0,0,11049,0,0,179900
6,5,5,1,2,4,4,1,1,10552,0,0,165500
6,9,5,1,2,2,8,0,1,7313,0,0,277500
9,8,5,1,3,4,9,1,1,13418,0,0,309000
6,5,5,1,2,3,6,1,0,10859,0,0,145000
5,5,6,1,2,3,10,0,1,8532,0,0,153000
5,5,7,1,1,3,1,0,0,7922,0,0,109000
6,4,5,2,0,2,6,0,0,6040,0,0,82000
6,6,5,1,2,3,12,0,1,8658,0,0,160000
5,5,6,1,1,2,7,1,2,16905,0,0,170000
5,5,7,1,2,2,12,0,0,9180,0,0,144000
5,5,6,1,1,3,7,0,0,9200,0,0,130250
6,5,6,1,1,3,5,0,0,7945,0,0,141000
6,9,5,1,2,2,2,0,1,7658,0,0,319900
6,7,5,1,2,1,8,1,1,12822,0,0,239686
7,8,5,1,3,3,7,0,0,11096,0,0,249700
8,4,5,3,0,2,6,0,0,4456,102,0,113000
6,5,7,1,1,3,1,0,0,7742,0,0,127000
6,6,6,1,2,3,7,0,0,13869,0,0,177000
6,6,6,1,2,3,9,0,1,6240,0,0,114500
5,5,5,1,2,2,5,0,0,8472,0,0,110000
5,9,5,1,3,0,11,1,1,50271,0,0,385000
6,5,5,1,2,3,2,0,1,7134,0,0,130000
7,6,5,1,2,3,7,0,1,10175,0,0,180500
7,8,5,1,2,3,8,1,0,2645,0,0,172500
7,7,5,1,2,3,8,1,0,11645,0,0,196500
10,10,5,1,3,3,10,1,1,13682,37,0,438780
4,5,7,1,1,2,1,0,0,7200,0,0,124900
5,6,5,1,2,3,5,1,0,13072,0,0,158000
6,5,7,1,1,3,3,0,0,7200,144,0,101000
6,8,5,1,2,2,10,0,1,6442,0,0,202500
9,7,6,1,2,3,4,0,0,10300,64,0,140000
8,7,5,1,2,3,2,1,0,9375,0,0,219500
9,8,5,1,3,4,10,1,1,9591,0,0,317000
7,7,5,1,2,3,7,0,1,19900,0,0,180000
7,7,5,1,2,3,6,0,0,10665,0,0,226000
4,4,6,1,1,2,6,0,0,4608,0,0,80000
7,7,4,1,2,3,7,0,1,15593,114,0,225000
8,7,6,1,2,3,2,0,2,13651,0,0,244000
4,4,6,1,2,2,6,0,0,7599,0,0,129500
7,7,5,1,2,3,12,1,1,10141,0,0,185000
6,5,7,1,2,3,5,0,0,10200,0,0,144900
8,3,6,2,1,3,5,0,0,5790,202,0,107400
5,4,5,1,1,2,11,0,0,1596,0,0,91000
4,4,7,1,1,2,4,0,0,8475,0,0,135750
6,5,5,1,1,2,1,0,0,8635,0,0,127000
8,4,5,2,0,4,4,0,0,10778,0,0,136500
5,5,6,1,2,2,5,1,0,10440,128,0,110000
8,6,6,1,1,4,6,1,1,13000,0,0,193500
5,6,5,1,2,2,3,0,0,4500,0,0,153500
6,8,5,1,3,3,10,0,1,10206,0,0,245000
6,5,5,1,2,3,7,1,0,8892,0,0,126500
7,7,5,1,2,3,5,1,1,8530,0,0,168500
9,8,5,1,2,4,4,1,1,16059,0,0,260000
6,6,5,1,2,3,3,1,1,11911,0,0,174000
4,6,5,1,2,2,6,1,0,3951,0,0,164500
6,3,2,1,0,2,10,0,0,8470,156,0,85000
5,4,5,1,0,3,8,0,0,8070,0,0,123600
4,4,5,1,2,2,7,0,0,7200,0,0,109900
6,5,3,1,2,2,12,0,0,8500,0,0,98600
5,5,7,1,2,2,8,0,0,13360,44,0,163500
9,6,6,2,2,4,11,0,1,7200,0,0,133900
7,6,5,1,2,3,5,1,0,9337,0,0,204750
6,6,8,1,2,3,4,1,1,9765,0,0,185000
6,7,5,1,2,3,8,0,0,10264,0,0,214000
6,4,5,1,1,3,5,0,0,10921,0,0,94750
5,5,5,1,1,2,5,0,0,10625,77,0,83000
6,4,5,1,0,3,1,1,0,9320,0,0,128950
6,6,7,1,2,3,2,0,2,10603,0,0,205000
7,6,5,1,2,3,6,1,1,9206,0,0,178000
8,5,5,2,2,4,6,0,0,7018,0,0,118964
6,7,5,1,3,3,5,0,0,10402,0,0,198900
7,7,4,1,1,4,6,1,2,7758,0,0,169500
9,8,5,1,2,3,8,1,1,9375,0,0,250000
6,4,7,1,1,2,8,0,0,10800,0,0,100000
5,5,5,1,1,2,4,0,0,6000,0,0,115000
7,5,7,1,0,3,8,0,0,8500,144,0,115000
7,6,6,1,2,3,1,0,1,11751,0,0,190000
7,6,4,1,1,4,10,0,0,9525,0,0,136900
7,7,5,1,2,3,4,1,1,7750,0,0,180000
10,7,5,1,3,4,10,1,1,9965,0,0,383970
7,6,5,1,2,3,10,0,2,21000,192,0,217000
9,6,8,1,1,3,7,1,1,7259,0,0,259500
5,6,5,1,2,2,6,1,1,3230,0,0,176000
6,5,5,1,1,3,9,0,1,11616,144,0,139000
5,5,5,1,2,2,4,1,0,8536,0,0,155000
11,7,5,1,3,5,5,0,2,12376,0,0,320000
8,6,5,1,2,3,7,1,1,8461,0,0,163990
4,6,5,1,2,1,10,0,2,21453,0,0,180000
4,4,5,1,1,3,6,0,0,6060,140,0,100000
5,6,7,1,1,3,6,0,0,9464,0,0,136000
5,6,5,1,2,2,3,0,0,7892,0,0,153900
7,6,5,1,2,3,1,0,1,17043,0,0,181000
5,6,8,1,0,2,6,0,0,6780,0,0,84500
5,6,5,1,2,2,2,0,1,4928,0,0,128000
5,5,7,1,0,3,6,0,1,4388,0,0,87000
6,6,5,1,2,3,7,1,1,7590,0,0,155000
6,5,7,1,2,3,7,1,0,8973,0,0,150000
8,7,6,1,2,4,5,1,2,14200,0,0,226000
7,6,5,1,2,3,7,1,1,12224,0,0,244000
7,5,6,1,2,3,7,0,0,7388,0,0,150750
6,8,5,1,2,2,6,0,0,6853,0,0,220000
7,5,6,1,2,3,7,1,1,10335,180,0,180000
7,7,6,1,2,3,5,0,1,10400,0,0,174000
5,5,5,1,1,3,7,0,1,10355,0,0,143000
9,7,5,2,3,5,7,0,0,11070,0,0,171000
7,8,5,1,3,3,12,1,2,9066,0,0,230000
7,6,5,1,2,3,8,1,0,15426,0,0,231500
5,4,5,1,0,3,4,0,1,10500,0,0,115000
7,7,5,1,2,3,1,0,0,11645,0,0,260000
6,5,4,1,2,4,6,0,0,8520,0,0,166000
6,7,5,1,2,3,6,0,0,10335,0,0,204000
10,5,5,2,2,6,11,0,0,9100,0,0,125000
7,6,5,1,2,3,4,0,0,2522,0,0,130000
5,5,7,1,1,2,11,0,0,6120,0,0,105000
8,7,5,1,2,3,5,1,1,9505,0,0,222500
6,7,5,1,0,3,4,0,0,7500,0,0,141000
7,5,4,1,1,3,4,0,0,6240,0,0,115000
5,5,6,1,2,3,1,1,0,10356,0,0,122000
6,8,5,1,3,2,1,0,1,13891,0,0,372402
8,6,5,1,2,4,6,1,1,14803,0,0,190000
4,6,7,1,2,1,3,0,1,13500,0,0,235000
7,6,5,1,1,4,3,0,0,11340,228,0,125000
5,6,5,1,0,2,4,0,0,9600,128,0,79000
5,5,7,1,2,2,6,0,0,7200,0,0,109500
8,8,5,1,3,4,5,1,1,12003,0,0,269500
8,7,5,1,2,3,5,1,1,12552,0,0,254900
9,7,5,1,2,4,3,1,1,19378,0,0,320000
6,6,6,1,2,3,6,0,0,11120,0,0,162500
10,9,5,1,3,3,3,1,2,13688,0,0,412500
7,7,5,1,2,3,5,0,1,12182,0,0,220000
4,4,6,1,0,1,4,0,0,5500,0,0,103200
5,6,7,1,1,3,10,0,0,5400,183,0,152000
6,5,7,2,0,4,9,0,0,10106,0,0,127500
7,5,5,1,1,2,11,0,3,10708,0,0,190000
8,8,5,1,3,3,11,1,1,10562,0,0,325624
7,7,5,1,2,3,5,1,1,8244,0,0,183500
6,8,6,1,2,2,1,1,1,16669,0,0,228000
7,5,6,1,2,2,5,1,0,12358,0,0,128500
7,6,5,1,2,3,5,0,2,31770,0,0,215000
5,7,7,1,2,2,6,0,1,5306,0,0,239000
6,6,5,1,2,3,6,1,1,10197,0,0,163000
7,6,5,1,2,3,11,0,1,12416,0,0,184000
7,6,7,1,2,4,6,0,1,12615,39,0,243000
8,6,5,1,2,4,9,1,1,10029,0,0,211000
8,5,5,1,2,4,7,0,1,13650,0,0,172500
9,9,5,1,3,1,7,0,1,17423,0,0,501837
5,5,6,1,2,2,7,0,0,8520,184,0,100000
5,6,5,1,2,3,6,1,1,2117,0,0,177000
9,7,6,1,1,4,7,1,1,7588,40,0,200100
7,5,6,1,1,3,6,0,1,9060,0,0,120000
6,7,5,1,2,3,6,1,0,11426,0,0,200000
5,5,8,1,2,3,6,0,0,7438,0,0,127000
12,10,9,1,3,4,6,1,2,22950,0,0,475000
6,7,5,1,2,3,6,0,0,9947,0,0,173000
8,5,7,1,1,3,8,1,0,10410,0,0,135000
6,5,5,2,2,2,6,2,2,7018,0,0,153337
5,8,5,1,2,0,8,1,1,4923,0,0,286000
10,8,8,1,2,3,12,1,2,10570,0,0,315000
7,7,9,1,2,4,6,1,0,7472,0,0,184000
6,7,5,1,2,3,9,0,0,9017,0,0,192000
7,7,5,1,2,3,5,0,0,2522,0,0,130000
5,5,7,1,1,3,5,0,0,7180,0,0,127000
7,6,6,1,2,3,7,1,1,2280,0,0,148500
8,7,5,1,3,3,9,0,1,9416,0,0,311872
8,8,4,1,2,4,3,0,1,25419,552,512,235000
8,6,6,1,0,5,7,0,0,5520,30,0,104000
7,8,5,1,3,3,1,0,1,9591,0,0,274900
5,4,5,1,2,2,3,0,0,8546,0,0,140000
6,6,6,1,2,3,2,0,2,10125,0,0,171500
6,6,6,1,1,2,5,0,0,7000,126,0,112000
3,6,5,1,2,1,1,0,1,4438,0,0,149000
5,5,7,1,1,2,4,1,0,3500,0,0,110000
5,7,5,1,2,3,5,0,0,11851,0,0,180500
8,5,5,1,1,3,3,1,1,13673,0,0,143900
6,4,5,1,1,3,4,0,1,12493,0,0,141000
7,7,5,1,2,3,4,1,1,14364,0,0,277000
6,6,7,1,2,3,7,0,0,8250,0,0,145000
5,5,6,1,0,2,4,0,0,5604,96,0,98000
6,6,5,1,2,3,3,0,0,10420,0,0,186000
7,7,5,1,2,3,7,1,1,8640,0,0,252678
5,5,5,1,2,3,7,0,0,13568,0,0,156000
6,6,7,1,1,3,3,1,0,10900,0,0,161750
6,5,6,1,1,2,5,0,1,10011,0,0,134450
8,7,5,1,2,3,4,0,0,8450,0,0,210000
8,4,4,1,1,3,9,0,0,9906,60,0,107000
8,7,9,1,2,3,5,1,2,15660,150,0,311500
5,7,5,1,2,2,3,0,0,3010,0,0,167240
5,7,5,1,2,2,4,0,0,8990,0,0,204900
8,6,5,1,2,4,12,1,1,8068,0,0,200000
6,6,6,1,2,3,2,1,1,11475,0,0,179900
4,4,6,1,2,2,3,0,0,10500,0,0,97000
8,10,5,1,3,3,6,0,1,13472,0,0,386250
6,5,5,1,1,3,5,1,0,1680,0,0,112000
9,7,5,1,3,4,6,1,1,9950,0,0,290000
5,6,6,1,1,2,9,1,0,1869,0,0,106000
5,5,5,1,1,3,5,0,1,8521,0,0,125000
7,7,5,1,2,2,5,0,1,3182,0,0,192500
6,6,6,1,1,3,4,0,0,8760,120,0,148000
9,8,5,1,3,4,7,1,1,15138,202,0,403000
5,6,5,1,1,2,6,1,1,1680,0,0,94500
5,5,6,1,1,3,2,0,0,10650,0,0,128200
8,6,5,1,2,4,5,1,2,7851,0,0,216500
5,6,3,1,1,2,8,1,0,1680,0,0,89500
6,7,5,1,2,3,5,0,0,8773,0,0,185500
7,7,7,1,2,3,2,1,0,9453,0,0,194500
7,8,5,1,3,3,12,0,0,12030,0,0,318000
7,6,4,1,1,3,4,1,1,8741,0,0,113000
7,8,5,1,2,3,4,0,0,9000,0,0,262500
4,5,9,1,0,2,8,0,0,3880,0,0,110500
6,5,4,1,1,3,4,0,0,5000,77,0,79000
6,6,6,1,1,3,4,1,1,10762,0,0,120000
8,7,5,1,2,3,5,1,2,8880,0,0,205000
6,7,5,1,2,3,6,0,1,10400,0,0,241500
9,6,8,2,1,4,4,0,0,9142,112,0,137000
5,6,5,1,2,2,6,0,1,11310,0,0,140000
8,7,5,1,2,3,9,1,0,11317,0,0,180000
7,6,7,1,2,4,6,0,2,159000,0,0,277000
6,3,2,1,0,3,5,0,0,5350,0,0,76500
5,8,5,1,2,2,12,0,1,4750,0,0,235000
6,6,5,1,2,3,12,1,0,8366,0,0,173000
7,6,7,1,1,3,10,0,0,9350,0,0,158000
5,5,6,1,1,3,6,0,0,8400,0,0,145000
8,7,5,1,2,4,2,1,1,8738,0,0,230000
7,6,5,1,2,3,5,1,0,8791,0,0,207500
8,7,5,1,2,3,3,1,1,8814,0,0,220000
7,7,5,1,2,3,5,1,1,12435,0,0,231500
4,5,5,1,1,2,12,0,0,12702,0,0,97000
6,6,5,1,2,3,5,0,1,19296,252,0,176000
10,8,5,1,3,3,11,1,1,9588,0,0,276000
6,6,7,1,2,3,7,0,1,8471,0,0,151000
6,5,7,1,2,3,4,0,0,5500,0,0,130000
4,5,5,1,2,2,6,0,0,5232,0,0,73000
7,6,6,1,2,3,6,0,1,12090,0,0,175500
8,6,5,1,2,3,6,1,1,11207,0,0,185000
8,5,8,1,1,4,7,1,1,8400,0,0,179500
4,5,6,1,1,2,2,0,1,6900,0,0,120500
6,6,7,1,1,3,5,1,1,7917,0,0,148000
8,8,5,1,3,3,8,1,1,10728,0,0,266000
5,7,7,1,2,2,4,0,2,39104,0,0,241500
9,8,7,1,3,4,4,1,1,11764,0,0,290000
6,6,6,1,1,3,4,0,1,9600,0,0,139000
5,5,7,1,1,2,6,0,0,8314,0,0,124500
5,7,7,1,2,3,10,1,0,7264,0,0,205000
7,7,5,1,2,3,4,0,0,9196,0,0,201000
4,4,5,1,2,2,6,0,0,19138,0,0,141000
8,9,5,1,3,3,5,1,1,14450,0,0,415298
8,7,5,1,2,4,3,1,1,10005,0,0,192000
7,7,6,1,2,3,1,1,1,11287,0,0,228500
5,6,5,1,2,2,5,0,0,7200,0,0,185000
6,7,5,1,2,2,4,0,1,5063,0,0,207500
6,8,5,1,3,3,12,0,1,9612,0,0,244600
5,6,5,1,2,2,7,0,0,8012,52,0,179200
5,7,5,1,2,2,6,1,0,4251,0,0,164700
7,6,7,1,2,3,6,1,1,9786,0,0,159000
5,4,4,1,0,3,6,0,0,8125,0,0,88000
5,5,5,1,1,3,2,0,0,9819,0,0,122000
7,6,7,1,1,3,7,0,0,8730,0,0,153575
8,8,5,1,2,3,7,1,1,15611,0,0,233230
9,5,6,1,0,6,3,0,0,5687,0,0,135900
8,5,4,1,1,3,1,1,1,11409,0,0,131000
9,7,7,1,2,3,3,1,1,16659,0,0,235000
7,6,5,1,2,3,10,0,2,9600,0,0,167000
6,6,6,1,2,3,3,0,0,7937,0,0,142500
6,5,5,1,1,4,6,1,0,13710,0,0,152000
7,7,5,1,2,3,6,1,1,7399,0,0,239000
7,6,6,1,2,3,6,2,1,11700,0,0,175000
6,6,8,1,1,3,8,0,1,14000,0,0,158500
5,5,5,1,1,2,6,0,2,15750,0,0,157000
9,8,5,1,2,4,5,1,1,16226,0,0,267000
6,7,5,1,3,3,1,0,1,13704,0,0,205000
5,5,7,1,2,3,7,0,0,9800,0,0,149900
10,7,9,1,3,3,5,0,1,18386,0,0,295000
8,8,5,1,3,3,7,0,0,10386,0,0,305900
8,7,5,1,3,4,6,1,1,13474,224,0,225000
6,6,7,1,0,3,3,0,0,7920,0,0,89500
4,4,5,1,2,1,3,0,0,12342,0,0,82500
8,9,5,1,3,3,11,0,3,12378,0,0,360000
6,6,5,1,2,3,5,1,1,7685,0,0,165600
5,6,6,1,1,2,5,0,1,8000,0,0,132000
5,5,7,1,2,3,5,0,1,7800,0,0,119900
8,7,5,1,2,3,6,0,2,215245,0,0,375000
6,7,7,1,2,3,8,1,1,9600,234,0,178000
6,7,5,1,2,3,7,1,1,7795,0,0,188500
10,7,7,1,2,4,8,1,1,13005,0,0,260000
8,8,5,1,3,3,12,1,1,9000,0,0,270000
9,7,5,1,3,4,4,1,1,9900,144,0,260000
6,7,5,1,2,3,6,0,2,14115,0,0,187500
9,9,5,1,3,4,9,1,0,16259,0,0,342643
10,8,5,1,3,4,6,1,1,12099,0,0,354000
8,7,5,1,2,4,8,1,1,10380,0,0,301000
6,3,8,1,1,3,7,0,0,5820,0,0,126175
11,7,7,1,2,5,6,1,1,11275,0,0,242000
5,5,6,1,2,2,12,0,0,5000,244,0,87000
6,8,5,1,2,1,5,1,2,10846,0,0,324000
7,6,5,1,1,3,4,1,0,11600,0,0,145250
10,6,6,1,2,5,7,0,0,11888,268,0,214500
6,5,5,1,1,3,7,0,0,6402,137,0,78000
10,5,4,2,1,6,11,0,0,10624,0,0,119000
6,5,6,1,1,3,8,0,0,8176,0,0,139000
7,8,5,1,3,3,10,0,1,10655,0,0,284000
6,7,5,1,2,2,7,0,1,8198,0,0,207000
7,6,5,1,2,3,7,1,2,9042,0,0,192000
7,5,6,1,2,3,8,0,2,164660,0,0,228950
8,9,5,1,3,3,7,0,1,14157,0,0,377426
7,7,5,1,2,3,12,0,0,9135,0,0,214000
8,7,7,1,2,3,5,0,0,14145,0,0,202500
6,6,7,1,1,3,6,0,0,12400,0,0,155000
9,8,5,1,2,4,4,1,0,14191,0,0,202900
4,4,4,1,1,2,9,0,0,8400,24,0,82000
6,3,4,2,2,2,5,0,0,8544,0,0,87500
6,9,5,1,2,2,7,0,1,8849,0,0,266000
4,5,3,1,1,3,4,1,0,2592,0,0,85000
6,6,5,1,1,3,10,0,1,6435,0,0,140200
5,6,8,1,1,2,4,0,0,12772,0,0,151500
6,6,5,1,2,3,12,0,2,17600,0,0,157500
6,7,5,1,2,2,10,1,0,2448,0,0,154000
10,9,5,1,3,4,4,1,2,20431,0,0,437154
6,9,5,1,2,2,12,0,1,7820,0,0,318061
6,7,5,1,2,2,12,1,1,5271,0,0,190000
5,5,6,1,1,3,3,0,0,9084,0,0,95000
5,6,8,1,2,2,5,0,0,8520,0,0,105900
6,6,5,1,1,2,6,0,2,8400,108,0,140000
6,6,5,1,2,3,8,0,0,11249,0,0,177500
6,6,6,1,2,3,7,0,0,9248,0,0,173000
6,5,5,1,2,3,8,1,1,4224,0,0,134000
6,5,4,1,1,3,7,0,0,6930,294,0,130000
7,8,5,1,2,3,6,1,1,12011,0,0,280000
5,6,6,1,2,2,6,0,1,7540,0,0,156000
8,5,5,1,1,3,7,0,0,9144,0,0,145000
7,7,5,1,2,4,7,0,1,7301,177,0,198500
5,6,8,1,1,2,5,1,0,1680,0,0,118000
6,6,5,1,2,3,7,1,1,18800,0,0,190000
6,5,7,1,1,3,7,0,0,10690,218,0,147000
6,6,5,1,2,3,7,1,2,9500,0,0,159000
6,6,5,1,1,3,12,0,1,9150,0,0,165000
7,5,6,1,1,2,3,0,1,7800,0,0,132000
7,5,7,1,2,3,3,0,1,9830,0,0,162000
7,6,5,1,2,3,1,1,1,8121,0,0,172400
7,4,4,1,2,4,7,0,1,17120,0,0,134432
4,6,5,1,1,2,2,0,0,7175,0,0,125000
5,5,6,1,1,3,11,0,0,10634,0,0,123000
8,7,5,1,2,4,7,1,1,8200,0,0,219500
4,1,1,1,0,1,3,1,0,10020,0,0,61000
5,5,5,1,2,2,7,0,0,8846,0,0,148000
8,8,5,1,2,4,12,0,1,11143,0,0,340000
8,9,2,1,3,1,6,1,1,11394,0,0,394432
7,6,5,1,2,3,6,1,1,8123,0,0,179000
6,5,6,1,1,3,5,0,1,5000,242,0,127000
5,7,5,1,2,2,8,0,1,7200,0,0,187750
8,7,5,1,2,3,4,1,0,9245,0,0,213500
5,6,3,1,2,2,10,0,0,9000,91,0,76000
9,6,5,1,2,3,6,1,2,53107,0,0,240000
6,8,5,1,2,2,4,0,1,3182,0,0,192000
8,5,3,1,0,5,5,0,0,8410,0,0,81000
6,6,6,1,1,3,10,0,1,7200,0,0,125000
6,7,5,1,2,3,7,0,0,9382,0,0,191000
9,10,5,1,3,3,8,1,1,12474,0,0,426000
7,5,8,1,1,4,4,0,0,8405,112,0,119000
7,6,5,1,2,3,6,1,1,12209,0,0,215000
5,5,7,1,1,3,7,0,0,8339,0,0,106500
4,4,5,1,0,2,4,0,2,7446,0,0,100000
5,5,6,1,1,2,7,0,0,10134,0,0,109000
6,5,6,1,1,3,6,0,0,9571,0,0,129000
6,5,5,1,2,2,9,0,0,7200,0,0,123000
8,5,5,1,1,4,7,0,1,7590,0,0,169500
6,5,2,1,1,2,11,0,0,8967,0,0,67000
7,7,5,1,2,2,10,0,0,8125,0,0,241000
4,8,5,1,2,1,12,1,2,14963,0,0,245500
6,7,5,1,2,3,7,0,1,8767,0,0,164990
4,5,8,1,1,2,8,0,0,10200,0,0,108000
10,8,5,1,2,4,7,1,1,12090,0,0,258000
7,6,5,1,2,3,5,1,1,10364,0,0,168000
8,4,4,1,2,3,6,0,1,9991,0,0,150000
6,6,5,1,1,3,3,0,0,10480,0,0,115000
8,6,7,1,1,4,3,0,0,15576,160,0,177000
9,7,5,1,3,3,8,1,1,14154,0,0,280000
8,8,5,1,3,3,4,1,1,10800,0,0,339750
5,5,3,1,1,3,6,0,0,9571,0,0,60000
5,5,5,1,2,3,1,0,0,34650,0,0,145000
7,7,5,1,2,2,6,1,1,4403,0,0,222000
5,5,6,1,2,2,3,0,1,8960,130,0,115000
9,7,5,1,3,3,12,1,1,11228,0,0,228000
6,7,5,1,2,3,8,0,0,8899,0,0,181134
6,6,7,1,2,3,3,1,1,7844,0,0,149500
10,6,6,1,3,4,11,1,1,22420,0,0,239000
7,5,6,1,1,3,4,1,0,8160,0,0,126000
6,5,6,1,1,3,7,0,1,8450,184,0,142000
8,7,5,2,4,2,11,0,0,7060,0,0,206300
8,6,7,1,2,3,6,0,1,16635,0,0,215000
4,5,5,1,2,2,2,0,0,21750,0,0,113000
8,8,5,1,3,4,6,1,1,9200,0,0,315000
6,6,5,1,1,2,5,0,1,9000,0,0,139000
6,7,8,1,1,3,9,1,2,3378,126,0,135000
5,7,5,1,2,2,8,0,1,12800,0,0,275000
5,4,6,1,1,3,7,0,0,8593,0,0,109008
6,7,5,1,2,2,9,0,0,6762,0,0,195400
6,6,5,1,2,3,3,0,1,11457,169,0,175000
4,6,5,1,1,2,7,1,0,1680,0,0,85400
7,6,7,1,0,4,9,0,0,5586,0,0,79900
6,5,5,1,2,2,8,1,0,1920,0,0,122500
7,6,5,1,2,3,7,1,1,10839,0,0,181000
3,4,7,1,0,1,6,0,0,1890,0,0,81000
6,7,6,1,2,3,4,1,1,10667,0,0,212000
6,6,8,1,2,2,10,0,0,4400,0,0,116000
4,6,7,1,1,2,1,0,0,6000,105,0,119000
4,5,6,1,1,2,3,0,1,4280,34,0,90350
7,6,8,1,2,3,8,0,0,12354,0,0,110000
10,10,5,1,3,2,4,0,2,15431,0,0,555000
8,4,4,2,0,4,9,0,0,12108,0,0,118000
8,5,7,1,2,3,6,0,1,6240,0,0,162900
6,7,5,1,3,2,6,0,1,3922,0,0,172500
8,7,5,1,2,4,7,1,1,8750,0,0,210000
7,6,5,1,2,3,11,0,1,9855,0,0,127500
6,6,6,1,2,2,6,1,1,16492,0,0,190000
10,7,5,1,2,4,7,1,1,11214,0,0,199900
7,6,6,1,1,3,6,0,1,8600,0,0,119500
6,3,7,1,1,2,6,1,0,6000,0,0,120000
5,6,8,1,1,2,6,0,0,5684,0,0,110000
5,7,5,1,2,2,12,0,2,70761,0,0,280000
7,6,5,1,2,3,7,1,0,9303,0,0,204000
6,8,5,1,2,3,6,1,0,9000,0,0,210000
8,5,5,2,2,4,7,0,0,9297,0,0,188000
6,7,6,1,2,3,9,1,1,9600,0,0,175500
7,5,5,1,3,4,5,0,0,4571,96,0,98000
6,4,6,1,2,2,3,0,2,53227,0,0,256000
7,8,7,1,1,3,6,0,1,5100,0,0,161000
5,5,4,1,1,3,7,0,1,7015,248,0,110000
8,8,5,1,2,3,12,1,0,8004,0,0,263435
6,7,9,1,2,3,4,0,0,7200,0,0,155000
5,5,5,1,1,3,12,0,1,8281,236,0,62383
6,6,7,1,1,3,8,1,1,11988,0,0,188700
5,5,5,1,0,3,8,0,0,8430,0,0,124000
6,7,5,1,2,2,5,0,1,3072,0,0,178740
5,7,5,1,2,2,4,0,1,10628,0,0,167000
7,5,7,1,1,3,6,1,2,9480,0,0,146500
7,8,5,1,3,3,5,0,1,11428,0,0,250000
7,6,5,1,2,3,6,1,0,9291,0,0,187000
4,8,5,1,2,1,6,1,0,6820,0,0,212000
8,7,6,1,2,3,11,1,1,11952,0,0,190000
5,6,5,1,2,2,6,0,0,3675,0,0,148000
7,8,5,1,3,2,7,0,1,14977,0,0,440000
6,8,5,1,2,2,8,0,0,5330,0,0,251000
5,5,6,1,2,2,7,0,0,8480,0,0,132500
7,6,5,1,2,3,4,0,1,13125,0,0,208900
9,9,5,1,3,3,3,1,1,13693,0,0,380000
7,8,5,1,3,3,9,0,1,10637,0,0,297000
7,4,7,1,2,2,3,0,0,5925,0,0,89471
8,9,5,1,3,3,3,0,1,16033,0,0,326000
6,9,5,1,3,2,8,0,1,11846,0,0,374000
7,7,8,1,1,4,6,1,1,2500,0,0,155000
5,6,5,1,2,2,5,0,0,4500,0,0,164000
6,5,7,1,1,3,3,0,0,7758,0,0,132500
5,5,7,1,1,3,7,0,1,9600,120,0,147000
6,5,7,1,2,3,6,1,0,10289,0,0,156000
7,5,6,1,2,3,2,0,1,12243,0,0,175000
10,5,4,2,2,3,5,0,1,10800,0,0,160000
3,4,8,1,1,1,5,0,0,1526,0,0,86000
4,5,6,1,1,3,6,1,1,2665,0,0,115000
5,6,7,1,1,3,8,0,2,9490,32,0,133000
8,6,5,1,2,3,5,1,0,15578,0,0,172785
6,5,6,1,1,3,6,1,1,7931,0,0,155000
4,5,8,1,1,2,12,0,0,5784,80,0,91300
4,4,5,1,0,2,11,0,0,7879,115,0,34900
10,8,5,1,2,4,5,0,1,12692,291,0,430000
8,7,6,1,1,4,6,0,0,9120,0,0,184000
5,5,7,1,1,3,6,0,0,7800,0,0,130000
5,5,7,1,1,2,6,0,0,7535,0,0,120000
7,6,5,1,1,3,5,1,0,1890,0,0,113000
7,7,5,1,2,3,2,1,0,9803,0,0,226700
6,5,7,1,2,2,4,0,0,9170,184,0,140000
6,7,8,1,2,1,3,0,2,15602,0,0,289000
6,6,5,1,2,3,6,1,1,2308,0,0,147000
10,5,5,2,2,4,7,0,0,7596,0,0,124500
8,8,5,1,2,3,9,1,1,9554,0,0,215000
4,6,5,1,2,2,9,0,0,7862,0,0,208300
7,7,9,1,2,3,10,0,1,9600,116,0,161000
6,5,6,1,1,3,7,0,0,9600,0,0,124500
6,5,7,1,1,2,6,0,2,14559,0,0,164900
6,7,5,1,2,2,3,0,1,6792,0,0,202665
5,5,5,1,2,3,7,0,0,9100,0,0,129900
5,6,5,1,2,3,6,1,0,9187,158,0,134000
5,5,5,1,1,2,6,0,0,10594,112,0,96500
9,10,5,1,3,3,9,1,1,12220,0,0,402861
7,6,6,1,2,3,8,1,1,10448,0,0,158000
7,7,5,1,3,3,7,1,1,10208,0,0,265000
7,6,5,1,2,3,5,1,0,9531,0,0,211000
9,7,9,1,1,3,6,1,2,10918,0,0,234000
7,4,7,2,0,3,8,0,0,10800,210,0,106250
6,6,6,1,1,3,5,1,2,11988,0,0,150000
7,6,7,1,2,3,10,0,2,5000,36,0,159000
11,10,5,1,3,3,10,1,1,40094,0,0,184750
8,7,5,1,3,3,8,1,1,11787,0,0,315750
6,7,5,1,2,3,4,0,1,7500,0,0,176000
4,5,7,1,1,2,6,0,0,13300,156,0,132000
11,9,5,1,3,3,11,1,1,14948,0,0,446261
5,4,7,1,0,2,7,0,0,9098,144,0,86000
9,6,3,2,2,4,3,0,2,32668,200,0,200624
5,6,5,1,2,3,8,0,1,10200,0,0,175000
6,6,8,1,2,3,6,0,0,6155,84,0,128000
5,5,7,1,1,2,4,0,1,7200,0,0,107500
2,1,3,1,0,1,1,0,0,5000,0,0,39300
6,8,5,1,2,3,10,1,1,9056,0,0,178000
5,5,7,1,0,3,1,0,0,7000,148,0,107500
8,7,5,1,2,3,7,1,0,8924,0,0,188000
5,4,5,1,2,3,4,0,0,12735,0,0,111250
7,5,5,1,1,3,7,1,1,11553,0,0,158000
6,8,5,1,2,3,5,0,1,11423,0,0,272000
8,9,5,1,3,2,3,0,1,14601,0,0,315000
8,8,5,1,3,4,6,1,1,11000,0,0,248000
7,7,5,1,2,3,6,0,1,10140,0,0,213250
4,7,5,1,1,1,6,0,0,4058,0,0,133000
7,7,5,1,2,3,9,1,1,17104,0,0,179665
9,7,5,1,3,4,2,1,0,13837,0,0,229000
6,6,7,1,2,3,5,1,1,8737,0,0,210000
5,5,7,1,2,2,4,0,0,7244,0,0,129500
4,5,7,1,2,2,6,0,0,8235,0,0,125000
8,7,5,1,2,4,11,1,1,9375,0,0,263000
4,6,6,1,2,2,10,0,0,4043,0,0,140000
5,5,6,1,1,3,6,0,0,6000,0,0,112500
7,8,5,1,3,3,7,0,1,11146,0,0,255500
5,4,5,1,2,2,5,0,0,8777,0,0,108000
8,7,5,1,3,3,8,1,1,10625,0,0,284000
5,5,6,1,1,2,8,0,1,6380,116,0,113000
6,5,5,1,1,2,5,0,1,14850,0,0,141000
7,4,6,1,1,3,9,1,0,11040,120,0,108000
6,7,5,1,2,3,8,1,1,21872,0,0,175000
7,7,5,1,2,2,10,0,1,3196,0,0,234000
5,5,6,1,2,3,5,1,1,11341,0,0,121500
6,5,5,1,2,2,4,0,1,10010,0,0,170000
6,5,6,1,0,3,7,0,1,13907,0,0,108000
8,6,7,1,2,4,7,0,1,21780,0,0,185000
9,7,5,1,2,4,7,1,1,13346,0,0,268000
6,6,4,1,1,4,5,1,0,6858,136,0,128000
11,9,5,1,3,4,6,1,1,11198,0,0,325000
7,7,5,1,2,3,3,0,0,10171,0,0,214000
5,8,8,1,2,1,9,1,1,12327,0,0,316600
4,5,5,1,2,2,12,0,2,7032,0,0,135960
10,5,5,2,2,6,11,0,0,13101,0,0,142600
4,6,6,1,1,2,10,0,0,7332,0,0,120000
6,7,5,1,2,3,7,1,0,13159,0,0,224500
8,7,5,1,2,3,12,1,1,9967,0,0,170000
5,5,7,1,1,3,12,0,0,10500,0,0,139000
6,5,5,1,1,2,10,0,0,8480,102,0,118500
6,7,7,1,1,3,8,0,1,6292,0,0,145000
6,5,6,1,2,3,5,0,2,11777,240,0,164500
5,7,5,1,2,2,2,0,0,3604,0,0,146000
7,5,5,1,1,4,11,0,0,12150,0,0,131500
7,6,6,1,2,3,6,0,2,14585,0,0,181900
8,8,5,1,3,3,8,1,1,12704,0,0,253293
5,6,5,1,0,3,5,0,0,11841,0,0,118500
9,10,9,1,2,3,7,1,1,13500,0,0,325000
6,4,7,1,1,3,7,0,0,6120,54,0,133000
7,8,5,1,3,2,3,0,2,11443,0,0,369900
5,6,7,1,1,2,5,0,0,10267,112,0,130000
4,5,6,1,2,2,7,0,0,8740,0,0,137000
5,5,8,1,1,1,6,0,2,25095,0,0,143000
4,5,6,1,1,2,8,0,0,9100,0,0,79500
6,7,5,1,2,3,9,1,0,8320,0,0,185900
10,10,5,1,3,3,6,1,1,13478,0,0,451950
4,5,8,1,2,2,6,0,0,6600,0,0,138000
4,6,5,1,2,1,5,0,0,4435,0,0,140000
5,5,6,1,1,3,4,0,0,7990,0,0,110000
7,8,5,1,3,3,8,0,1,11302,0,0,319000
7,6,7,1,1,3,10,0,0,3600,0,0,114504
7,7,5,1,3,2,2,2,1,3922,0,0,194201
7,5,6,1,2,3,3,0,1,12984,0,0,217500
6,6,6,1,2,3,7,1,1,1950,0,0,151000
8,8,5,1,2,3,6,1,1,10927,0,0,275000
6,6,6,1,1,3,12,1,1,9000,0,0,141000
8,8,5,1,2,3,2,1,1,10041,0,0,220000
4,7,5,1,2,2,6,1,0,3182,0,0,151000
6,7,5,1,2,3,9,0,1,12803,0,0,221000
7,7,6,1,2,3,10,1,3,13600,0,0,205000
6,5,5,1,2,3,11,0,0,12464,0,0,152000
8,5,8,1,1,3,8,0,0,7800,0,0,225000
10,8,6,1,2,4,9,1,2,12168,0,0,359100
5,4,5,1,1,3,4,0,0,7943,39,0,118500
8,9,5,1,3,3,5,1,2,11050,0,0,313000
6,6,6,1,2,3,7,0,1,10395,0,0,148000
7,8,5,1,2,3,11,1,1,11885,0,0,261500
6,5,5,1,0,3,12,0,0,8402,0,0,147000
3,4,6,1,0,1,5,0,0,1491,0,0,75500
6,6,7,1,2,3,5,0,0,8800,0,0,137500
7,6,5,1,2,3,6,1,1,7861,0,0,183200
4,6,6,1,2,2,6,0,0,7227,0,0,105500
9,9,5,1,3,3,7,0,1,11694,0,0,314813
10,8,5,1,3,4,8,1,2,12244,0,0,305000
5,3,3,1,0,2,9,0,0,8248,100,0,67000
9,6,7,1,2,4,6,1,1,10800,0,0,240000
6,5,6,1,2,3,7,0,0,7064,0,0,135000
4,6,5,1,2,2,6,1,1,2117,0,0,168500
8,6,5,1,2,4,11,2,1,10400,0,0,165150
5,6,6,1,2,3,2,1,0,10000,0,0,160000
6,5,5,1,1,3,8,0,1,12342,36,0,139900
7,6,6,1,1,3,3,0,2,9600,189,0,153000
9,5,5,1,2,5,9,2,2,11606,0,0,135000
6,6,5,1,2,3,6,1,0,9020,0,0,168500
8,5,6,1,1,3,6,0,0,9000,293,0,124000
6,8,5,1,2,2,8,0,1,4590,0,0,209500
6,7,5,1,2,3,4,0,1,11900,0,0,82500
6,5,7,1,1,3,7,0,0,9250,0,0,139400
4,6,5,2,2,0,6,0,0,6979,0,0,144000
14,6,7,2,0,8,3,0,0,10896,0,0,200000
4,2,3,1,0,1,1,0,1,6120,0,0,60000
7,5,4,2,1,3,11,0,0,6000,0,0,93000
4,5,7,1,0,2,5,0,0,8777,164,0,85000
7,8,5,1,3,1,10,0,1,3982,0,0,264561
6,8,5,1,2,1,4,1,1,12677,0,0,274000
7,7,5,1,2,3,5,1,1,7050,0,0,226000
9,8,7,1,2,4,7,1,3,13860,0,0,345000
7,5,5,1,2,4,4,1,0,10793,0,0,152000
7,9,5,1,3,2,10,1,1,9187,0,0,370878
5,6,5,1,2,3,3,1,0,10530,40,0,143250
7,5,5,1,2,3,7,0,0,7200,0,0,98300
5,6,5,1,2,3,6,0,2,10452,0,0,155000
7,6,5,1,2,4,6,1,1,7700,216,0,155000
3,4,6,1,0,1,12,0,0,1936,0,0,84500
7,7,6,1,2,3,5,1,0,8125,0,0,205950
7,4,5,1,1,4,10,0,1,9084,0,0,108000
7,7,5,1,2,2,7,1,1,8750,0,0,191000
7,6,7,1,1,3,6,0,0,10320,239,0,135000
7,8,6,1,3,2,8,1,1,10437,0,0,350000
6,6,5,1,1,3,3,1,0,1680,0,0,88000
5,5,7,1,1,3,8,1,0,10007,0,0,145500
6,7,6,1,1,3,2,1,1,7200,112,0,149000
6,6,5,1,1,3,1,0,1,17503,0,0,97500
7,5,7,1,2,3,3,0,0,9937,0,0,167000
7,7,7,1,2,3,11,1,1,12384,252,0,197900
8,8,7,1,3,4,7,1,1,46589,0,0,402000
5,6,3,1,2,2,7,0,2,13560,240,0,110000
6,4,5,1,2,3,4,0,0,10012,180,0,137500
8,8,5,1,3,1,1,1,1,20896,0,0,423000
7,8,5,1,2,3,11,1,1,11194,0,0,230500
7,6,5,1,2,3,8,1,1,18450,0,0,129000
7,6,5,1,2,3,10,0,1,8125,0,0,193500
6,5,6,1,2,3,11,1,1,14175,0,0,168000
5,4,5,1,1,2,7,0,1,11600,67,0,137500
7,6,5,1,2,3,2,1,0,8633,0,0,173500
6,6,6,1,1,3,7,0,0,6629,0,0,103600
6,6,6,1,2,3,6,1,1,11250,0,0,165000
7,6,7,1,2,3,6,0,2,14442,0,0,257500
5,6,6,1,1,3,7,0,1,9200,0,0,140000
7,6,6,1,2,3,4,1,1,2289,0,0,148500
8,4,2,2,3,4,5,0,0,9600,90,0,87000
5,5,8,1,1,2,5,0,0,9022,120,0,109500
7,8,5,1,3,3,7,1,1,11844,0,0,372500
5,5,5,1,2,3,10,0,0,9945,0,0,128500
5,6,5,1,1,2,5,0,1,8012,0,0,143000
6,5,5,1,1,3,7,0,0,4500,56,0,159434
6,6,5,1,2,2,11,0,1,2887,0,0,173000
7,9,5,1,3,3,7,0,1,11248,0,0,285000
7,7,5,1,2,4,6,1,0,16770,0,0,221000
6,7,5,1,2,3,9,0,1,5062,0,0,207500
7,7,6,1,2,3,8,0,0,10207,0,0,227875
4,7,5,1,2,2,3,1,0,5105,0,0,148800
7,8,6,1,2,2,10,0,1,8089,0,0,392000
6,6,5,1,2,2,6,0,1,7577,0,0,194700
3,6,5,1,2,1,5,0,1,4426,0,0,141000
10,10,6,1,3,4,1,1,2,21535,0,0,755000
9,7,5,1,2,4,4,1,2,26178,0,0,335000
4,5,6,1,1,2,12,0,0,5400,112,0,108480
5,5,6,1,2,3,4,1,0,6120,0,0,141500
5,6,6,1,2,2,7,0,1,13811,0,0,176000
4,5,7,1,1,2,6,0,0,6000,129,0,89000
6,5,7,1,1,2,9,0,0,6420,0,0,123500
5,5,8,1,1,3,4,0,1,8450,0,0,138500
5,7,5,1,2,2,7,0,0,4282,0,0,196000
7,8,5,1,3,3,5,0,1,14331,0,0,312500
6,7,5,1,2,3,7,1,0,9600,0,0,140000
10,8,5,1,3,4,7,1,1,12438,0,0,361919
8,5,9,2,2,4,5,0,1,7630,40,0,140000
7,7,5,1,2,3,5,0,0,8400,0,0,213000
7,4,5,2,0,3,7,0,0,5600,0,0,55000
5,7,5,1,2,2,6,0,2,115149,0,0,302000
6,8,5,1,2,2,12,0,1,6240,0,0,254000
8,7,5,1,2,3,7,1,1,9018,0,0,179540
6,5,7,1,1,3,12,0,0,7162,0,0,109900
5,3,6,1,0,2,7,0,0,4130,0,0,52000
7,4,7,1,1,2,1,0,0,8712,98,0,102776
5,8,5,1,2,2,10,0,1,4671,0,0,189000
6,4,5,1,2,3,5,0,0,9873,0,0,129000
6,6,8,1,2,3,3,1,0,13517,0,0,130500
7,6,5,1,2,3,8,0,1,10140,0,0,165000
8,7,8,1,2,3,7,1,0,10800,143,0,159500
5,5,6,1,2,3,11,1,1,10000,0,0,157000
9,7,5,1,3,3,8,1,1,10542,216,0,341000
5,5,6,1,1,3,5,1,1,9920,0,0,128500
5,8,5,1,2,2,12,0,1,6563,234,0,275000
3,6,5,1,2,1,5,0,0,4426,0,0,143000
5,4,7,1,2,3,7,0,0,8120,0,0,124500
7,4,6,1,1,4,5,0,0,8172,0,0,135000
8,9,5,1,3,3,2,0,1,13286,0,0,320000
5,4,6,1,2,3,11,0,0,6960,0,0,120500
5,6,9,1,2,3,12,0,1,21695,0,0,222000
6,7,5,1,2,2,2,0,0,7314,0,0,194500
9,5,5,2,3,4,7,0,0,11475,0,0,110000
5,4,5,1,2,2,1,0,0,6240,112,0,103000
5,8,5,1,2,2,3,0,1,5389,0,0,236500
6,7,5,1,2,3,5,0,1,9590,0,0,187500
8,7,5,1,2,3,7,1,1,11404,0,0,222500
6,5,6,1,1,3,3,0,1,10000,0,0,131400
6,5,5,1,1,3,5,0,0,8978,0,0,108000
6,7,7,1,2,2,10,1,2,10800,0,0,163000
6,3,4,2,2,2,7,0,0,8544,0,0,93500
8,8,5,1,3,3,6,1,1,10463,0,0,239900
5,5,5,1,0,3,3,0,0,10800,0,0,179000
7,7,5,1,2,3,4,1,0,9313,0,0,190000
7,5,7,1,2,2,5,0,0,9600,112,0,132000
5,6,8,1,1,3,5,0,0,6768,0,0,142000
6,7,5,1,2,3,12,0,0,8450,0,0,179000
6,5,6,1,2,3,10,0,1,12886,0,0,175000
5,8,5,1,2,2,10,0,1,5395,70,0,180000
11,8,9,1,2,4,7,1,2,8963,0,0,299800
8,7,5,1,2,4,4,1,1,8795,0,0,236000
8,7,7,1,4,4,5,1,1,11700,386,0,265979
7,7,5,1,2,3,3,0,1,10593,154,0,260400
9,4,3,1,1,4,4,0,0,8405,185,0,98000
7,4,7,1,0,3,6,0,0,8800,0,0,96500
6,7,5,1,2,3,8,1,0,7750,0,0,162000
6,6,5,1,2,3,7,0,0,9236,0,0,217000
8,8,5,1,3,3,3,1,1,10240,0,0,275500
5,6,8,1,2,3,7,0,0,7930,0,0,156000
6,6,5,1,2,3,3,1,0,3230,0,0,172500
7,8,5,1,2,3,4,1,0,10769,0,0,212000
6,6,5,1,2,3,4,1,1,11616,0,0,158900
6,7,5,1,2,3,8,1,0,2280,0,0,179400
9,8,5,1,3,4,11,1,1,12257,0,0,290000
5,6,6,1,1,2,10,0,0,9100,0,0,127500
5,5,5,1,2,2,10,0,0,6911,0,0,100000
7,7,5,1,2,3,6,1,0,8640,0,0,215200
8,8,5,1,3,3,7,1,1,9430,0,0,337000
6,8,5,1,2,2,4,1,1,9549,0,0,270000
6,9,5,1,2,2,8,0,1,14587,0,0,264132
7,7,5,1,2,3,3,1,1,10421,156,0,196500
7,6,7,1,1,4,7,0,0,12508,156,0,160000
8,7,5,1,2,3,10,0,1,9100,0,0,216837
12,8,5,1,3,4,6,1,1,53504,0,0,538000
5,5,5,1,2,2,4,0,0,7252,0,0,134900
6,4,5,1,2,2,4,0,0,8877,0,0,102000
6,6,5,1,2,3,3,0,1,7819,0,0,107000
5,5,5,1,1,2,7,0,0,10150,0,0,114500
9,8,5,1,3,3,7,0,1,14226,0,0,395000
5,6,5,1,2,2,6,0,0,4500,0,0,162000
7,7,5,1,3,3,7,0,0,11210,0,0,221500
5,5,5,1,2,3,6,0,1,13350,0,0,142500
10,5,5,2,2,4,10,0,2,8400,0,0,144000
4,6,5,1,2,2,5,0,0,10530,0,0,135000
6,7,5,1,2,3,6,0,1,7875,0,0,176000
7,6,5,1,2,3,7,1,0,7153,0,0,175900
6,7,5,1,2,3,6,0,0,16285,0,0,187100
4,5,6,1,2,1,7,0,1,9101,0,0,165500
9,6,6,1,0,3,6,0,1,6300,134,0,128000
7,6,5,1,2,3,9,0,1,9790,0,0,161500
7,5,6,1,1,4,6,0,0,10800,196,0,139000
8,7,5,1,2,4,1,1,0,10142,0,0,233000
4,4,7,1,1,2,8,0,0,6000,0,0,107900
9,6,8,1,2,5,7,1,0,12205,0,0,187500
5,7,5,1,2,2,9,0,1,3182,0,0,160200
5,6,5,1,2,3,5,0,2,11333,0,0,146800
8,7,5,1,2,3,6,1,1,9920,0,0,269790
7,8,5,1,2,3,6,0,0,9158,0,0,225000
7,7,5,1,2,3,10,1,1,10832,0,0,194500
7,6,6,1,2,3,4,1,1,8400,0,0,171000
7,6,5,1,2,3,4,1,1,8197,0,0,143500
4,5,5,1,1,2,4,0,0,7677,0,0,110000
11,9,5,1,3,4,7,1,2,13518,0,0,485000
7,5,7,1,1,3,6,1,2,7200,264,0,175000
8,6,5,1,2,4,5,1,0,12798,185,0,200000
5,4,7,1,2,2,7,0,0,4800,0,0,109900
7,7,5,1,2,3,10,1,1,8199,0,0,189000
12,9,5,1,3,4,1,1,1,13891,0,0,582933
5,5,5,1,1,2,6,0,0,9000,0,0,118000
6,7,5,1,2,3,7,0,0,12274,0,0,227680
6,5,5,1,1,3,10,0,0,9750,0,0,135500
6,5,6,1,2,3,5,1,1,21384,0,0,223500
6,5,5,1,2,3,6,0,1,13400,0,0,159950
11,5,5,3,2,2,11,0,0,8100,0,0,106000
5,6,6,1,2,3,1,1,1,10140,0,648,181000
4,6,5,1,2,1,6,0,1,4438,0,0,144500
4,5,5,1,2,2,6,0,0,8712,0,0,55993
7,6,6,1,1,4,4,1,0,9750,275,0,157900
7,5,7,1,1,3,7,1,0,8248,96,0,116000
6,7,5,1,2,3,5,0,0,12137,0,0,224900
4,5,6,1,1,2,7,0,1,11425,120,0,137000
7,8,5,1,3,3,7,0,2,13265,0,0,271000
6,6,7,1,2,3,6,0,0,8816,0,0,155000
6,7,5,1,2,2,6,0,1,6371,0,0,224000
6,7,5,1,2,3,6,1,0,7226,0,0,183000
4,4,4,1,2,2,2,0,0,6000,112,0,93000
7,7,5,1,2,3,10,1,1,12394,0,0,225000
7,6,7,1,1,3,7,0,1,9900,0,0,139500
7,8,5,1,2,3,6,0,1,11216,0,0,232600
7,10,5,1,3,2,6,0,1,14803,0,0,385000
5,5,6,1,0,2,5,0,0,6130,116,0,109500
6,7,5,1,2,3,4,0,1,8529,0,0,189000
7,5,5,1,2,3,6,1,0,28698,0,0,185000
4,7,5,1,2,2,7,1,0,2544,0,0,147400
6,6,5,1,2,3,6,1,2,11900,0,0,166000
4,7,5,1,2,2,6,1,0,3180,0,0,151000
7,7,6,1,2,3,1,1,1,9548,0,0,237000
6,6,6,1,2,3,2,1,0,10004,0,0,167000
6,5,6,1,2,3,9,0,0,7875,0,0,139950
4,4,7,1,2,2,2,0,0,9600,0,0,128000
5,5,6,1,2,2,6,0,0,8100,230,0,153500
5,6,5,1,1,2,11,1,0,1680,0,0,100000
6,5,6,1,1,3,6,1,0,9525,0,0,144000
6,5,6,1,1,3,5,0,0,11767,0,0,130500
7,6,8,1,1,4,3,0,0,12155,254,0,140000
8,5,8,1,2,3,6,0,1,10440,68,0,157500
6,6,7,1,2,3,5,1,0,9020,0,0,174900
10,5,4,2,0,6,7,0,0,8000,0,0,141000
7,5,8,1,3,4,6,1,1,12665,194,0,153900
6,5,5,1,2,3,1,0,2,16647,0,0,171000
7,7,5,1,2,3,7,1,1,9317,192,0,213000
5,5,6,1,1,3,8,0,1,15523,0,0,133500
10,6,8,1,2,5,9,0,1,45600,0,0,240000
7,6,7,1,2,3,8,1,1,9600,0,0,187000
3,6,5,1,2,1,11,0,0,4435,0,0,131500
7,8,5,1,2,2,5,0,1,3196,0,0,215000
7,7,5,1,1,4,8,0,2,7128,0,0,164000
7,6,6,1,2,3,8,1,1,12095,0,0,158000
6,5,4,1,2,3,7,1,1,17920,0,0,170000
6,5,8,1,1,3,4,1,0,6897,0,0,127000
5,6,6,1,2,3,10,0,0,10970,34,0,147000
6,6,5,1,2,3,3,1,1,8125,0,0,174000
6,7,5,1,2,3,6,0,1,10400,0,0,152000
9,6,7,1,2,4,8,1,1,11029,0,0,250000
7,7,8,1,1,3,6,1,1,7642,0,0,189950
6,5,4,1,2,3,4,1,0,11625,0,0,131500
6,6,5,1,2,3,5,0,0,9672,0,0,152000
6,5,5,1,1,3,7,0,0,7931,0,0,132500
6,7,5,1,2,3,5,0,0,8640,0,0,250580
5,5,6,1,2,3,8,0,0,8750,0,0,148500
6,8,5,1,3,3,11,0,1,10656,0,0,248900
5,4,5,1,2,3,5,1,0,6970,0,0,129000
7,5,6,1,2,2,5,0,1,14762,0,0,169000
8,7,5,1,2,3,6,1,1,9938,0,0,236000
5,5,5,1,1,2,8,0,0,6600,0,0,109500
7,6,5,1,2,3,6,1,0,8750,0,0,200500
5,5,7,1,2,3,10,0,0,8892,150,0,116000
6,5,7,1,1,3,9,0,1,12144,0,0,133000
5,5,6,1,1,3,8,1,0,5720,0,0,66500
11,8,5,1,2,4,8,1,1,9000,0,0,303477
5,4,5,1,2,3,1,0,0,25286,0,0,132250
10,9,5,1,3,4,6,1,1,8834,0,0,350000
6,5,7,1,2,3,6,0,0,11782,0,0,148000
6,5,8,1,1,3,7,0,0,7000,0,0,136500
5,5,5,1,2,2,6,1,0,7024,0,0,157000
7,7,5,1,2,3,4,1,1,13758,0,0,187500
7,6,5,1,2,3,12,1,1,9636,0,0,178000
10,4,5,1,1,5,3,0,0,6204,0,0,118500
5,5,5,1,1,3,7,0,0,7150,0,0,100000
5,9,5,1,2,2,1,0,1,5119,0,0,328900
8,5,5,2,2,4,6,0,0,8393,0,0,145000
8,5,7,1,1,3,4,1,0,16466,0,0,135500
8,8,6,1,2,4,10,0,1,15865,0,0,268000
6,6,4,1,2,2,2,0,1,12160,0,0,149500
6,5,7,1,2,3,7,0,1,8064,0,0,122900
7,6,5,1,2,3,7,1,1,11184,0,0,172500
6,6,8,1,1,3,2,0,0,8414,0,0,154500
6,5,5,1,1,3,6,0,1,13284,0,0,165000
8,5,5,2,2,4,6,0,0,7018,0,0,118858
8,6,5,1,2,4,10,1,1,7056,0,0,140000
6,4,6,1,1,2,4,0,0,8765,0,0,106500
12,5,5,2,2,6,6,0,0,7018,0,0,142953
11,9,5,1,3,2,3,1,2,12919,0,0,611657
6,5,7,1,1,3,6,0,1,6993,0,0,135000
4,4,6,1,1,2,6,0,0,7340,0,0,110000
5,5,7,1,1,2,5,0,0,8712,0,0,153000
8,7,5,1,2,3,7,1,1,7875,0,0,180000
7,7,5,1,3,3,8,0,1,14859,0,0,240000
6,5,6,1,1,3,8,0,0,6173,0,0,125500
6,5,5,1,1,3,2,0,0,9920,164,0,128000
8,8,5,1,3,3,6,0,1,13501,0,0,255000
6,7,7,1,1,3,6,1,1,11500,0,0,250000
5,5,5,1,2,2,6,0,0,8885,0,0,131000
8,6,5,1,2,3,6,1,1,12589,0,0,174000
12,5,5,2,2,5,1,0,0,11600,0,0,154300
5,5,7,1,1,3,10,1,0,9286,0,0,143500
6,5,7,1,1,3,7,0,0,6120,112,0,88000
8,5,6,2,3,4,8,0,0,6270,0,0,145000
4,6,5,1,2,2,6,1,0,3000,0,0,173733
6,4,5,1,1,3,1,1,0,2001,0,0,75000
4,2,3,1,1,1,10,0,0,9000,0,0,35311
6,4,6,1,1,3,4,0,0,17140,0,0,135000
8,7,5,1,3,4,11,1,1,13125,224,0,238000
6,6,8,1,2,3,5,0,1,11029,0,0,176500
7,6,5,1,2,3,7,1,0,8462,0,0,201000
9,5,7,2,0,4,9,2,0,8777,0,0,145900
6,6,5,1,2,3,10,0,1,10237,0,0,169990
5,6,5,1,2,2,7,0,1,8012,0,0,193000
7,6,6,1,2,3,5,0,1,10240,0,0,207500
6,5,6,1,2,3,3,0,0,15611,0,0,175000
10,8,5,1,3,4,5,1,1,11999,0,0,285000
9,7,5,1,2,4,4,1,1,9900,0,0,176000
7,8,5,1,2,3,6,0,1,11838,0,0,236500
8,7,5,1,2,4,11,1,1,13006,0,0,222000
7,8,5,1,3,3,7,0,0,8925,0,0,201000
5,5,6,1,1,2,7,0,0,9100,0,0,117500
8,9,5,1,3,3,3,0,1,11670,0,0,320000
6,7,5,1,2,3,8,0,0,8487,0,0,190000
9,7,7,1,2,4,11,0,1,27650,0,0,242000
5,4,5,1,2,1,6,0,0,5825,32,0,79900
5,7,5,1,2,2,8,0,0,10083,0,0,184900
8,7,5,1,2,3,2,1,1,9675,0,0,253000
7,7,5,1,3,3,8,1,0,8760,0,0,239799
10,7,7,1,1,4,6,0,2,24090,318,0,244400
8,6,5,2,2,4,7,0,0,12640,0,0,150900
8,7,5,1,2,3,6,1,1,8755,0,0,214000
8,4,3,2,0,4,8,0,0,7711,0,0,150000
8,5,4,2,2,4,6,0,0,25000,0,0,143000
7,6,6,1,2,3,1,0,1,14375,0,0,137500
7,5,6,1,2,2,9,0,0,8820,244,0,124900
6,5,6,1,1,3,3,0,1,8163,0,0,143000
9,8,5,1,3,3,11,0,1,14536,0,0,270000
7,7,5,1,2,3,2,1,1,14006,0,0,192500
5,6,7,1,2,3,3,1,1,9360,0,0,197500
5,5,8,1,2,3,7,0,0,7200,0,0,129000
6,5,5,1,1,3,7,0,0,7800,0,0,119900
5,5,8,1,1,2,4,0,0,7200,0,0,133900
7,5,4,1,2,4,9,1,1,11075,0,0,172000
4,6,5,0,0,4,10,0,0,9400,0,0,127500
8,6,6,2,2,4,8,0,0,7136,0,0,145000
5,6,6,1,2,2,5,1,1,1300,0,0,124000
6,5,5,1,2,3,4,0,0,7420,0,0,132000
6,7,5,1,2,3,10,0,0,8450,0,0,185000
6,7,5,1,2,3,5,1,0,2572,0,0,155000
4,5,7,1,0,2,2,0,0,7207,0,0,116500
11,6,7,1,2,4,7,1,1,12227,0,0,272000
7,6,6,1,2,3,7,1,1,2308,0,0,155000
7,9,5,1,2,2,5,0,0,11923,0,0,239000
8,7,5,1,2,4,2,1,1,11316,0,0,214900
8,6,5,1,2,3,7,1,1,10237,0,0,178900
7,5,7,1,1,2,6,1,2,9600,0,0,160000
6,5,7,1,1,3,7,0,0,7390,0,0,135000
6,3,6,1,0,2,5,0,0,5925,0,0,37900
6,6,5,1,1,2,3,0,0,10382,0,0,140000
6,4,4,1,0,4,12,1,0,10800,0,0,135000
6,7,5,1,2,2,7,0,0,2268,0,0,173000
5,6,5,1,1,2,4,0,1,7892,0,0,99500
6,7,5,1,2,3,12,0,0,11639,0,0,182000
8,7,8,1,2,3,10,0,0,11414,0,0,167500
6,7,5,1,2,3,4,1,0,2651,0,0,165000
4,4,7,1,0,2,8,0,0,5900,0,0,85500
4,7,5,1,2,1,11,1,0,4274,0,0,199900
5,4,5,1,2,3,5,0,0,9450,0,0,110000
5,5,6,1,2,3,6,0,0,8816,0,0,139000
6,7,9,1,2,3,7,0,0,12122,0,0,178400
8,8,5,1,3,4,7,1,1,12203,0,0,336000
6,7,5,1,2,2,3,0,1,3182,0,0,159895
9,8,5,1,2,4,5,1,1,11250,0,0,255900
8,5,5,2,2,4,8,0,0,10125,0,0,126000
5,5,5,1,1,3,8,0,0,10880,0,0,125000
5,6,8,1,1,2,6,0,0,5310,0,0,117000
8,9,5,1,3,3,4,1,1,10159,0,0,395192
8,6,6,1,2,4,6,1,1,12046,0,0,195000
6,7,5,1,2,3,8,1,0,8125,0,0,197000
7,8,5,1,3,3,6,1,1,9452,0,0,348000
8,8,9,1,2,4,11,1,1,17671,0,0,168000
7,6,8,1,2,3,7,1,1,9760,0,0,187000
6,6,5,1,2,3,8,1,0,8846,0,0,173900
7,10,5,1,3,3,7,0,1,12456,0,0,337500
5,4,7,1,1,3,8,1,0,4712,0,0,121600
6,5,6,1,1,3,1,0,0,10659,0,0,136500
6,6,6,1,2,2,2,0,1,11717,0,0,185000
6,3,4,1,1,3,5,0,1,9786,48,0,91000
6,7,5,1,2,2,2,0,0,6762,0,0,206000
4,3,3,1,2,2,7,0,0,10206,0,0,82000
4,5,6,1,1,2,1,0,0,5400,94,0,86000
7,8,5,1,3,3,7,0,1,11957,0,0,232000
8,5,6,2,2,4,6,0,0,11500,0,0,136905
7,7,5,1,2,1,5,0,1,3182,0,0,181000
6,5,8,1,1,3,11,0,0,8385,0,0,149900
7,6,3,1,2,3,3,0,1,12155,0,0,163500
6,4,4,1,1,3,8,1,0,2217,0,0,88000
7,7,5,1,2,3,4,0,1,12118,0,0,240000
7,5,5,1,0,4,6,0,0,6000,138,0,102000
7,5,5,1,1,4,8,0,1,21286,108,0,135000
8,5,5,2,0,4,5,0,0,9825,0,0,100000
7,6,7,1,1,3,8,1,2,10592,112,0,165000
4,5,4,1,1,2,6,0,0,7200,226,0,85000
5,6,5,1,1,2,11,0,1,11664,0,0,119200
6,8,6,1,2,3,11,1,0,8400,0,0,227000
6,7,5,1,2,3,6,0,1,11883,0,0,203000
4,8,5,1,2,1,8,0,1,5814,0,0,187500
7,7,5,1,2,3,5,1,1,10784,0,0,160000
6,7,5,1,2,2,4,0,1,3013,0,0,213490
5,4,5,1,2,2,6,1,0,7024,0,0,176000
6,7,5,1,2,2,7,0,0,7406,0,0,194000
6,5,5,1,1,2,3,0,0,9439,192,0,87000
7,7,5,1,2,2,5,0,1,3182,0,0,191000
10,8,6,1,2,2,5,0,1,15498,174,0,287000
5,5,5,1,2,3,3,0,0,7700,0,0,112500
6,5,5,1,2,3,4,0,2,9300,0,0,167500
7,8,5,1,3,3,4,0,1,9520,0,0,293077
6,5,5,1,1,3,4,0,1,9492,0,0,105000
7,6,7,1,1,3,5,1,0,1680,0,0,118000
10,5,8,2,0,5,7,0,0,7082,228,0,160000
12,7,3,1,2,5,8,1,2,15863,0,0,197000
10,8,7,1,3,5,11,1,1,14541,0,0,310000
6,7,5,1,3,3,2,0,0,8125,0,0,230000
5,5,7,1,1,2,6,0,1,6305,0,0,119750
5,4,3,1,1,3,1,0,0,11500,0,0,84000
6,9,5,1,3,2,9,0,1,12898,0,0,315500
7,8,5,1,2,3,9,1,1,9240,0,0,287000
6,4,6,1,0,3,5,1,1,1533,0,0,97000
3,4,4,1,1,1,4,0,0,1477,0,0,80000
8,5,4,1,2,3,1,0,1,13125,0,0,155000
7,6,8,1,2,4,7,1,0,9130,0,0,173000
5,6,5,1,2,1,8,0,1,5381,0,0,196000
10,7,5,1,2,4,5,1,1,11839,0,0,262280
9,8,5,1,2,4,7,1,1,9600,0,0,278000
8,3,5,1,2,4,6,0,1,13680,0,0,139600
11,9,5,1,3,4,7,1,1,16056,0,0,556581
5,5,5,1,2,3,2,0,0,9245,0,0,145000
9,5,4,1,2,3,11,0,1,21750,0,0,115000
6,4,7,1,1,2,4,0,0,11100,0,0,84900
6,7,5,1,2,3,8,0,0,8993,0,0,176485
6,7,5,1,2,3,10,0,1,11175,0,0,200141
9,6,6,1,2,4,6,1,1,9500,0,0,165000
7,5,6,1,1,4,5,0,1,8562,0,0,144500
7,8,5,1,2,3,11,1,1,11367,0,0,255000
7,6,5,1,2,3,5,0,1,11361,0,0,180000
6,7,5,1,2,2,6,0,1,7052,0,0,185850
7,7,6,1,2,3,1,1,1,29959,0,0,248000
10,9,5,1,3,3,7,1,1,11308,0,0,335000
7,6,7,1,2,3,3,1,1,11275,19,0,220000
6,8,5,1,2,2,4,0,0,4920,170,0,213500
6,3,4,1,3,2,8,0,0,18000,0,0,81000
10,5,5,2,2,5,9,0,0,13600,0,0,90000
5,6,6,1,2,2,7,0,1,6000,0,0,110500
6,5,6,1,2,3,11,1,1,11000,0,0,154000
7,7,5,1,2,3,4,1,0,14000,0,0,328000
7,6,7,1,2,3,5,1,1,7837,0,0,178000
7,6,6,1,2,4,6,1,0,9760,0,0,167900
10,6,4,1,2,5,6,1,1,3964,0,0,151400
4,5,7,1,2,2,5,0,0,9600,0,0,135000
6,5,5,1,1,3,6,0,0,10152,0,0,135000
8,6,6,1,2,4,5,1,0,11700,0,0,154000
7,5,3,1,1,4,8,0,1,7585,0,0,91500
6,6,6,1,2,3,7,1,0,7950,0,0,159500
5,7,5,1,3,2,5,0,0,8556,0,0,194000
6,7,6,1,1,3,7,1,2,13125,0,0,219500
7,5,8,1,2,3,4,0,1,10800,0,0,170000
6,5,5,1,1,3,3,0,0,15870,0,0,138800
3,6,5,1,2,1,5,0,1,4435,0,0,155900
5,5,5,1,1,3,4,0,0,8775,0,0,126000
5,6,7,1,2,3,10,0,0,11040,0,0,145000
5,5,5,1,1,3,6,1,0,7500,220,0,133000
6,7,5,1,2,3,9,0,1,8749,0,0,192000
6,6,6,1,1,3,3,0,2,8800,0,0,160000
6,6,5,1,2,3,7,1,1,13031,0,0,187500
5,6,6,1,2,2,4,0,0,9069,0,0,147000
6,4,5,1,1,3,5,1,0,1974,0,0,83500
9,8,5,1,3,3,5,1,1,10574,0,0,252000
7,7,5,1,2,3,4,0,0,2522,0,0,137500
4,8,5,1,2,1,4,1,1,3316,0,0,197000
6,3,4,2,2,2,6,0,0,8544,0,0,92900
4,7,5,1,2,2,3,1,0,2160,0,0,160000
7,6,5,1,2,4,6,0,1,8400,128,0,136500
6,5,8,1,2,1,10,1,0,9230,0,0,146000
4,5,7,1,1,2,5,0,0,5868,80,0,129000
6,6,5,1,2,3,3,0,1,9317,0,0,176432
7,6,7,1,0,3,3,1,0,6882,115,0,127000
5,8,5,1,2,2,10,1,0,3696,137,0,170000
6,4,6,1,1,3,7,0,0,6000,0,0,128000
7,7,5,1,2,3,4,0,1,11880,0,0,157000
3,2,5,1,1,1,1,0,0,8400,0,0,60000
5,5,5,1,1,3,7,0,0,9758,0,0,119500
6,5,7,1,1,2,4,0,0,7000,0,0,135000
6,6,6,1,2,3,7,0,1,8910,192,0,159500
6,5,5,1,2,3,4,1,0,2016,0,0,106000
9,8,5,1,2,3,4,1,2,12256,0,0,325000
6,7,5,1,2,3,5,0,1,10357,0,0,179900
9,7,5,1,2,3,9,1,1,23257,0,0,274725
7,6,5,1,2,3,11,1,1,8063,0,0,181000
7,8,5,1,3,3,3,0,1,11362,0,0,280000
8,6,5,1,2,3,6,1,1,8000,0,0,188000
8,7,6,1,2,4,9,1,1,10480,0,0,205000
5,5,7,1,1,2,7,0,0,7100,0,0,129900
6,5,7,1,1,2,5,0,0,8923,0,0,134500
4,5,7,1,1,2,8,0,0,5400,0,0,117000
7,8,5,1,3,3,11,0,1,12085,0,0,318000
7,8,5,1,2,3,3,1,1,7750,0,0,184100
5,5,7,1,2,3,5,0,0,9764,0,0,130000
6,5,6,1,1,3,12,0,0,13825,0,0,140000
6,5,5,1,1,3,7,0,0,7560,252,0,133700
6,6,5,1,1,2,5,0,1,8263,112,0,118400
7,7,5,1,3,3,7,0,0,10084,0,0,212900
5,4,3,1,1,3,10,0,0,8926,0,0,112000
4,5,9,1,0,2,6,0,0,9405,0,0,118000
7,7,5,1,2,3,7,1,1,9125,0,0,163900
5,4,5,1,2,2,11,0,1,10434,0,0,115000
7,7,5,1,3,2,6,0,1,3684,0,0,174000
7,7,5,1,3,3,11,0,1,14572,0,0,259000
8,7,5,1,2,4,7,1,1,11796,0,0,215000
4,5,5,1,2,2,8,0,0,7200,0,0,140000
7,4,3,1,2,4,12,0,2,7804,0,0,135000
5,5,5,1,0,3,9,0,0,10712,0,0,93500
8,6,4,1,1,5,5,0,0,9900,0,0,117500
8,8,5,1,2,3,6,1,1,9828,0,0,239500
7,6,5,1,2,3,8,1,1,8773,0,0,169000
5,6,5,1,1,2,5,0,1,6180,0,0,102000
6,6,5,1,1,3,4,0,0,9600,96,0,119000
6,5,8,1,0,2,5,0,0,6342,176,0,94000
5,6,5,1,2,2,5,0,2,9819,0,0,196000
6,5,5,1,2,3,5,0,1,8731,216,0,144000
4,5,7,1,2,2,6,0,0,7350,0,0,139000
9,5,7,1,2,4,10,1,1,10304,0,0,197500
11,8,5,1,3,4,4,0,1,9965,0,0,424870
5,5,3,1,0,3,7,0,0,9000,0,0,80000
5,4,4,1,1,2,7,0,0,12180,0,0,80000
8,5,6,1,1,3,8,0,1,6240,0,0,149000
5,6,5,1,2,3,5,0,1,11200,0,0,180000
7,7,7,1,1,3,7,1,1,12000,0,0,174500
5,7,7,1,1,2,8,0,1,5700,176,0,116900
7,7,9,1,2,3,7,0,0,9000,0,0,143000
4,6,5,1,1,2,11,0,1,8280,214,0,124000
6,5,4,1,2,3,11,1,2,17755,0,0,149900
6,6,7,1,2,2,7,0,1,14115,280,0,230000
5,6,8,1,1,2,6,0,0,5890,96,0,120500
8,7,6,1,2,4,5,2,2,13700,0,0,201800
6,5,8,1,2,3,7,0,1,10768,0,0,218000
6,5,8,1,2,3,10,0,1,9350,0,0,179900
6,7,5,1,2,2,7,0,1,5001,0,0,230000
7,8,5,1,3,3,6,0,0,11932,0,0,235128
8,6,6,1,2,4,7,1,1,9120,0,0,185000
7,6,5,1,2,3,7,1,1,2280,0,0,146000
7,6,7,1,2,3,11,0,1,14778,0,0,224000
5,5,5,1,2,3,5,0,1,8724,0,0,129000
6,4,4,2,2,0,1,2,0,12900,0,0,108959
5,5,7,1,2,2,6,1,1,16157,0,0,194000
7,7,5,1,2,3,9,0,0,9541,0,0,233170
7,8,5,1,3,3,2,0,0,10475,0,0,245350
7,6,5,1,2,3,2,1,1,10852,0,0,173000
7,6,7,1,2,4,7,0,2,13728,0,0,235000
10,10,5,1,3,4,7,1,1,35760,0,0,625000
6,6,6,1,1,3,7,0,1,9880,0,576,171000
6,6,6,1,2,3,11,0,1,9120,0,0,163000
5,7,5,1,2,2,3,1,0,4017,0,0,171900
12,5,6,1,0,3,3,0,1,18030,0,0,200500
9,6,8,1,2,4,7,1,1,16560,0,0,239000
9,8,5,1,2,4,4,1,1,10678,0,0,285000
5,5,5,1,1,3,10,0,0,6951,0,0,119500
5,6,8,1,1,3,12,0,0,3950,116,0,115000
7,5,6,1,1,3,7,1,1,7681,102,0,154900
5,5,5,1,0,3,4,0,1,8335,190,0,93000
8,7,5,1,2,4,4,1,0,11170,0,0,250000
5,8,5,1,2,2,11,0,1,5587,0,0,392500
10,10,5,1,3,4,7,1,2,15623,0,555,745000
5,5,6,1,2,2,6,0,1,10800,0,0,120000
5,5,4,1,3,3,5,1,2,35133,0,0,186700
7,5,7,1,1,4,3,0,0,9738,236,0,104900
7,3,5,2,2,3,8,0,0,10615,0,0,95000
5,8,5,1,3,2,7,0,1,12461,192,0,262000
7,7,5,1,2,3,7,1,0,8935,0,0,195000
7,7,5,1,2,3,6,1,1,7500,0,0,189000
7,4,4,1,4,3,3,0,1,32463,0,0,168000
5,8,5,1,2,2,11,1,0,2645,0,0,174000
6,5,8,1,1,3,7,0,0,9600,84,0,125000
5,6,5,1,2,2,6,0,0,4500,0,0,165000
7,6,7,1,1,4,3,1,0,9364,0,0,158000
8,6,5,1,2,3,7,1,0,8029,0,0,176000
9,7,5,1,3,4,11,1,1,14054,0,0,219210
7,7,6,1,1,3,7,0,1,8850,330,0,144000
6,7,5,1,2,3,6,0,0,9100,0,0,178000
6,4,5,1,2,3,10,1,1,11235,0,0,148000
5,4,5,1,1,3,7,0,0,9353,0,0,116050
6,7,5,1,2,3,3,1,0,10400,0,0,197900
5,5,8,1,1,3,5,0,1,6000,208,0,117000
6,7,5,1,2,3,10,0,1,9750,0,0,213000
6,5,6,1,2,3,7,1,0,10140,0,0,153500
7,7,7,1,3,3,6,0,1,14684,0,0,271900
5,4,4,1,1,2,11,0,0,8900,0,0,107000
7,6,5,1,2,3,5,0,0,9135,0,0,200000
6,5,7,1,2,3,10,0,0,7763,0,0,140000
8,8,5,1,2,3,5,0,1,10182,0,0,290000
8,6,5,1,2,3,5,1,1,11218,0,0,189000
8,8,7,1,2,4,6,0,0,12134,0,0,164000
4,4,6,1,1,2,8,0,0,9340,0,0,113000
3,4,9,1,1,0,5,0,0,10246,0,0,145000
6,5,5,1,1,3,5,0,0,10205,0,0,134500
5,5,5,1,1,3,5,0,0,7094,0,0,125000
8,6,5,2,2,4,4,0,0,8930,0,0,112000
6,8,5,1,2,3,9,0,0,8640,0,0,229456
3,4,5,1,0,2,7,0,0,6240,0,0,80500
7,6,5,1,0,3,4,1,0,1680,0,0,91500
5,5,5,1,1,2,11,0,0,7800,0,0,115000
5,5,5,1,1,3,8,0,1,8250,0,0,134000
7,6,6,1,1,3,1,0,1,10496,0,0,143000
7,5,3,1,2,4,10,0,0,10680,0,0,137900
8,7,5,1,2,3,2,1,1,15384,0,0,184000
6,6,8,1,1,3,6,0,0,10482,0,0,145000
9,6,5,1,3,4,1,1,1,14598,0,0,214000
5,5,8,1,2,2,12,0,0,8872,0,0,147000
7,9,5,1,3,1,10,1,1,8769,0,0,367294
7,5,5,1,1,4,8,0,0,7910,0,0,127000
12,5,5,2,2,4,8,2,1,18890,145,0,190000
6,5,6,1,2,3,5,0,0,7728,0,0,132500
6,4,5,2,2,2,3,0,0,9842,0,0,101800
6,5,5,1,2,3,5,0,0,12160,0,0,142000
7,5,6,1,0,4,11,1,0,8525,0,0,130000
9,5,5,1,1,4,7,1,0,13132,0,0,138887
6,7,5,1,2,2,6,1,0,2628,0,0,175500
8,7,5,1,2,4,9,1,1,12393,0,0,195000
6,6,5,1,2,3,3,1,0,13072,0,0,142500
6,8,5,1,2,2,12,0,1,9037,0,0,265900
8,7,5,1,2,3,7,1,0,8158,0,0,224900
7,7,6,1,3,3,6,0,0,9849,0,0,248328
6,7,6,1,2,3,1,0,2,10625,0,0,170000
7,10,5,1,3,2,9,1,1,13891,0,0,465000
7,8,7,1,2,3,6,0,2,11435,0,0,230000
7,6,7,1,2,3,1,1,1,12090,0,0,178000
6,7,5,1,2,3,3,1,0,8125,0,0,186500
6,6,5,1,3,3,5,0,0,12328,0,0,169900
8,6,5,1,2,3,4,1,1,9600,259,0,129500
6,5,7,1,1,3,5,0,0,7200,0,0,119000
8,7,5,1,2,3,4,1,2,11160,0,0,244000
6,7,5,1,2,2,3,0,1,3136,0,0,171750
5,5,6,1,1,3,11,0,0,9858,0,0,130000
9,7,7,1,2,3,7,1,2,17542,0,0,294000
7,7,5,1,2,3,7,1,1,6931,0,0,165400
6,6,6,1,1,3,11,0,1,6240,0,0,127500
7,8,5,1,2,2,8,0,1,14303,0,0,301500
4,5,8,1,0,2,7,0,0,4060,0,0,99900
5,7,5,1,2,2,7,0,0,9587,0,0,190000
6,6,8,1,2,3,7,1,0,9750,0,0,151000
7,6,5,1,2,3,6,1,1,24682,0,0,181000
5,5,6,1,1,2,6,0,0,9600,0,0,128900
8,4,5,1,1,5,11,0,2,11250,0,0,161500
8,6,6,1,2,3,7,0,1,13515,126,0,180500
5,6,5,1,2,2,8,0,0,4060,0,0,181000
6,7,5,1,2,3,3,1,0,3735,0,0,183900
9,7,4,2,1,4,1,1,1,10120,264,0,122000
10,9,5,1,3,3,5,0,1,13214,0,0,378500
11,8,9,1,3,4,5,1,2,14100,0,0,381000
7,5,5,1,1,3,7,1,0,11344,0,0,144000
4,7,6,1,2,0,4,1,1,23595,0,0,260000
7,6,7,1,2,3,8,0,1,9156,0,0,185750
5,5,6,1,1,3,11,0,0,13526,0,0,137000
5,6,7,1,1,2,5,0,1,11512,0,0,177000
8,5,6,1,2,3,11,0,1,5362,81,0,139000
10,5,5,2,2,4,7,0,0,11345,0,0,137000
6,6,6,1,2,3,12,1,1,12936,0,0,162000
7,6,5,1,2,3,6,1,1,17871,0,0,197900
7,8,5,1,2,3,3,1,1,9473,0,0,237000
6,4,4,1,2,2,4,0,0,7500,164,0,68400
6,7,5,1,2,3,3,0,0,9808,0,0,227000
6,7,5,1,2,2,7,0,1,8049,0,0,180000
5,5,7,1,2,3,9,0,0,8800,0,0,150500
8,6,5,2,0,4,4,2,0,9400,0,0,139000
10,6,7,1,1,4,3,0,1,9638,42,0,169000
6,6,6,1,1,4,5,0,1,6000,0,0,132500
6,6,5,1,2,3,6,1,2,9790,0,0,143000
7,5,5,1,2,4,6,0,0,36500,0,0,190000
5,8,5,1,2,2,10,0,1,5664,0,0,278000
8,8,5,1,3,3,10,1,1,11065,0,0,281000
6,5,7,1,2,3,4,0,1,14112,0,0,180500
6,5,7,1,1,3,2,1,0,1680,0,0,119500
11,5,4,2,1,4,12,0,0,6600,0,0,107500
8,7,5,1,2,4,3,1,1,10140,0,0,162900
5,5,7,1,2,2,4,0,0,8172,0,0,115000
5,5,5,1,1,3,11,1,0,8400,0,0,138500
6,5,6,1,2,3,12,0,0,8700,123,0,155000
5,6,5,1,2,2,6,0,0,3675,0,0,140000
12,10,5,1,2,3,1,1,3,63887,0,480,160000
6,5,7,1,1,3,5,1,0,7500,0,0,154000
9,7,5,1,2,3,5,1,1,10762,0,0,225000
7,6,7,1,1,3,11,0,2,7500,0,0,177500
8,8,5,1,3,4,12,1,1,10120,0,0,290000
7,7,5,1,3,3,4,0,0,8688,0,0,232000
7,7,5,1,2,3,4,0,0,3363,0,0,130000
6,9,5,1,2,2,11,0,2,13173,0,0,325000
6,7,5,1,2,2,9,0,1,6955,0,0,202500
5,5,5,1,2,3,5,0,0,8072,0,0,138000
6,5,7,1,2,2,5,0,0,12000,0,0,147000
6,6,5,1,2,3,6,0,0,7153,0,0,179200
7,7,8,1,2,3,5,0,2,17500,162,0,335000
6,7,5,1,2,3,1,0,0,8814,0,0,203000
9,8,5,1,2,4,6,1,1,9572,0,0,302000
10,9,5,1,3,4,5,1,1,14774,0,0,333168
5,4,6,1,1,3,10,0,1,8190,0,0,119000
9,6,5,1,2,4,6,1,2,11075,0,0,206900
8,8,5,1,3,3,1,0,1,10226,0,0,295493
5,7,5,1,2,2,4,0,1,4230,0,0,208900
7,8,5,1,3,3,8,0,1,14781,0,0,275000
5,4,5,1,1,3,2,0,0,10215,0,0,111000
6,6,3,1,2,3,6,1,2,8400,0,0,156500
4,3,6,1,1,2,7,0,0,6627,0,0,72500
8,7,5,1,2,3,6,1,1,10186,0,0,190000
5,4,7,1,0,2,12,0,0,5330,0,0,82500
7,8,5,1,3,2,2,0,1,9986,0,0,147000
5,4,4,1,0,2,1,0,0,3636,100,0,55000
6,3,6,1,0,3,5,0,0,4270,286,0,79000
5,5,9,1,1,3,10,0,1,6600,0,0,130500
8,6,7,1,2,5,6,0,2,10440,0,0,256000
8,7,5,1,2,3,6,1,1,9084,0,0,176500
7,8,5,1,3,3,12,0,1,10000,0,0,227000
6,5,5,1,2,3,7,0,0,10780,0,0,132500
3,4,6,1,1,2,5,0,1,8877,0,0,100000
6,5,6,1,1,2,7,1,0,7200,190,0,125500
7,5,6,1,2,3,5,1,0,2368,0,0,125000
6,6,5,1,2,2,4,0,1,9650,0,0,167900
8,5,5,2,2,4,11,0,0,9246,0,0,135000
4,4,4,1,0,2,3,0,0,4118,0,0,52500
8,7,5,1,2,3,6,1,0,13450,0,0,200000
5,5,7,1,1,3,6,0,0,9560,0,0,128500
5,4,5,1,4,3,6,0,0,8294,0,0,123000
6,6,5,1,2,3,7,0,0,13695,0,0,155000
7,8,5,1,2,3,8,1,1,9375,0,0,228500
9,6,6,1,2,3,3,1,1,7558,0,0,177000
8,7,5,1,2,3,7,1,1,11103,0,0,155835
5,4,4,1,1,2,7,0,0,6000,168,0,108500
9,7,7,1,2,3,6,0,1,20781,0,0,262500
7,8,5,1,3,3,5,0,1,15306,0,0,283463
5,7,5,1,2,3,8,0,1,16196,0,0,215000
8,8,5,1,0,4,12,0,0,5250,20,0,122000
12,5,5,2,4,6,8,2,0,11643,0,0,200000
8,6,6,1,2,4,3,1,1,9247,0,0,171000
4,6,9,1,2,2,7,0,0,6000,0,0,134900
9,8,5,1,3,4,3,1,1,14720,0,0,410000
7,7,5,1,3,3,6,1,1,10316,0,0,235000
8,7,6,1,2,4,9,0,1,10192,0,0,170000
5,5,5,1,1,3,10,0,0,9477,0,0,110000
6,5,6,1,2,3,4,1,1,12537,0,0,149900
5,6,5,1,2,3,6,1,0,2117,0,0,177500
8,9,5,1,3,3,9,0,1,16737,0,0,315000
8,5,6,1,2,4,5,1,0,9842,301,0,189000
7,7,5,1,2,3,6,0,1,16158,0,0,260000
7,4,4,1,1,4,6,0,1,12513,0,0,104900
6,6,5,1,2,3,3,1,1,8499,0,0,156932
4,7,5,1,2,2,4,1,0,3180,0,0,144152
7,7,5,1,2,3,1,1,0,7500,0,0,216000
7,7,5,1,2,3,6,1,0,9179,0,0,193000
6,5,6,1,1,4,7,0,1,2665,0,0,127000
4,6,5,1,2,1,6,0,0,4435,0,0,144000
8,8,5,1,2,3,5,0,1,10635,0,0,232000
6,4,6,1,1,2,10,0,0,5400,198,0,105000
8,6,6,1,1,3,10,0,1,9600,0,0,165500
8,7,6,1,2,3,6,1,1,9750,0,0,274300
8,10,5,1,3,2,3,1,2,11400,0,0,466500
9,7,5,1,3,3,7,1,1,10625,0,0,250000
7,8,5,1,3,3,12,0,1,10991,0,0,239000
4,6,5,1,1,2,4,0,0,6292,0,0,91000
6,5,5,1,2,3,7,0,0,10998,0,0,117000
5,6,5,1,1,2,6,1,0,1953,0,0,83000
7,5,5,1,2,3,5,1,0,9735,0,0,167500
5,3,3,1,1,2,6,0,0,8212,96,0,58500
7,6,7,1,2,4,5,1,2,12925,0,0,237500
8,7,7,1,2,4,10,1,0,7200,221,0,157000
7,5,7,1,2,3,8,0,0,25339,112,0,112000
6,6,5,1,1,2,10,0,0,9060,0,0,105000
7,4,8,1,1,3,5,0,0,5436,0,0,125500
12,7,5,1,2,5,7,1,2,16692,0,519,250000
10,6,7,1,1,5,8,0,1,8520,0,0,136000
7,9,5,1,3,3,10,0,2,14892,0,0,377500
6,6,6,1,2,3,3,0,1,6000,0,0,131000
6,7,5,1,2,3,9,0,0,9100,0,0,235000
8,5,5,2,3,4,4,0,0,8944,0,0,124000
6,5,5,1,1,3,12,0,1,7838,0,0,123000
7,6,7,2,2,3,4,0,1,10800,212,0,163000
6,7,5,1,3,2,10,0,1,4045,0,0,246578
9,8,5,1,3,4,2,1,1,12665,0,0,281213
7,5,5,1,2,3,6,0,2,57200,50,0,160000
8,5,8,1,1,4,5,1,0,6120,150,0,137500
7,5,4,1,1,3,5,1,0,7200,168,0,138000
7,6,6,1,1,3,10,1,1,6171,0,0,137450
5,6,7,1,1,3,7,0,1,6000,112,0,120000
8,6,5,1,2,3,4,1,1,7415,0,0,193000
6,7,5,1,2,2,7,0,1,6762,0,0,193879
6,8,5,1,3,3,8,0,0,15256,0,0,282922
6,3,4,1,3,3,1,0,0,10410,160,0,105000
5,8,5,1,2,2,1,0,1,3842,0,0,275000
5,5,7,1,2,2,3,0,0,8445,0,0,133000
5,5,5,1,0,3,3,0,0,8780,0,0,112000
6,4,7,1,2,3,6,0,0,7740,0,0,125500
7,7,6,1,2,3,11,1,1,20544,0,0,215000
6,7,5,1,2,3,6,1,0,12420,0,0,230000
6,6,8,1,1,3,9,1,0,9600,0,0,140000
6,4,5,2,2,2,6,0,0,7200,0,0,90000
7,8,5,1,2,2,9,0,1,10994,0,0,257000
8,6,7,1,2,4,6,1,1,13053,0,0,207000
7,7,5,1,3,1,5,0,1,3635,0,0,175900
11,4,6,2,2,4,4,0,0,11340,114,0,122500
7,8,5,1,3,3,5,1,1,16545,0,0,340000
6,5,5,1,1,3,8,1,0,9204,0,0,124000
7,6,5,1,2,3,12,0,1,16381,216,0,223000
7,6,6,1,2,3,5,1,1,11700,0,0,179900
4,6,5,1,2,2,7,0,1,4043,0,0,127500
3,6,5,1,2,1,3,0,0,4435,0,0,136500
8,6,7,1,2,4,8,0,1,19690,0,738,274970
6,5,5,1,1,2,6,0,1,9503,0,0,144000
7,6,6,1,2,3,10,0,0,10721,0,0,142000
5,7,5,1,2,3,8,1,2,10944,0,0,271000
6,5,6,1,1,3,4,1,1,10930,0,0,140000
4,5,7,1,1,2,2,0,2,7200,154,0,119000
7,6,7,1,2,3,4,0,1,12546,99,0,182900
7,5,5,1,2,4,7,1,1,21930,0,0,192140
5,6,6,1,2,2,10,0,0,4928,0,0,143750
5,4,6,1,1,4,8,0,0,10800,0,0,64500
8,6,5,1,2,3,5,1,1,10261,0,0,186500
5,5,5,1,2,3,5,0,1,17400,0,0,160000
7,6,9,1,2,3,7,1,1,8400,0,0,174000
5,4,6,1,2,3,5,0,0,9000,0,0,120500
7,8,5,1,3,2,11,0,1,12444,0,0,394617
6,6,7,1,2,2,4,0,0,7407,158,0,149700
6,7,6,1,2,3,11,1,1,11584,216,0,197000
11,6,7,1,2,3,9,0,1,11526,0,0,191000
3,6,5,1,2,1,5,0,1,4426,0,0,149300
10,10,5,1,3,3,4,1,1,11003,0,0,310000
4,6,6,1,1,2,5,0,1,8854,0,0,121000
7,7,5,1,2,3,11,0,0,8500,0,0,179600
6,6,5,1,1,3,5,0,0,8400,252,0,129000
6,5,7,1,1,3,4,0,0,26142,0,0,157900
8,8,5,1,2,3,12,1,1,10000,0,0,240000
6,4,7,1,1,2,5,1,0,11767,0,0,112000
3,5,7,1,0,1,8,0,0,1533,0,0,92000
8,5,5,2,0,4,9,2,0,9000,0,0,136000
7,8,5,1,3,3,5,0,1,9262,0,0,287090
5,5,5,1,2,2,5,0,0,3675,0,0,145000
6,5,5,1,0,3,7,0,0,17217,0,0,84500
6,7,5,1,2,2,10,0,0,7500,0,0,185000
7,6,5,1,2,3,8,1,1,7917,0,0,175000
7,6,6,1,2,3,2,0,2,13175,0,0,210000
9,7,9,1,1,4,5,0,2,9042,0,0,266500
5,5,6,1,1,2,4,0,0,9717,112,0,142125
6,5,6,1,1,3,6,1,0,9937,0,0,147500
